,MAE,MSE,RMSE
ARIMA,,,
SARIMA,,,
Prophet,5.563332066061173,58.47733510296658,7.647047476181025
LSTM,,,
